<?xml version="1.0" encoding="UTF-8" standalone="yes"?>
<addon id="plugin.video.phimonline"
       name="PhimOnline"
       version="1.0.8"
       provider-name="PhimOnline">
    <requires>
		<import addon="xbmc.python" version="2.1.0" />
		<import addon="script.module.simple.downloader" version="1.9.4" />
		<import addon="script.module.beautifulsoup" version="3.0.8" />
    </requires>
    <extension point="xbmc.python.pluginsource"
               library="default.py">
        <provides>video</provides>
    </extension>
    <extension point="xbmc.addon.metadata">
        <platform>all</platform>
        <language>en</language>
        <summary lang="en">PhimOnline</summary>
        <description lang="en">PhimOnline</description>
    </extension>
</addon>
