<?xml version="1.0" encoding="UTF-8" standalone="yes"?>
<addon id="repository.chanxuong" name="Chan Xuong Repo" version="1.1" provider-name="Chan Xuong Repo">
	<extension point="xbmc.addon.repository" name="Chan Xuong Repo">
		<info compressed="false">https://raw.github.com/chanxuong/kodi-addons/master/addons.xml</info>
		<checksum>https://raw.github.com/chanxuong/kodi-addons/master/addons.xml.md5</checksum>
		<datadir zip="true">https://raw.github.com/chanxuong/kodi-addons/master/zips</datadir>
	</extension>
	<extension point="xbmc.addon.metadata">
		<summary>Chan Xuong Repo</summary>
		<description></description>
		<platform>all</platform>
	</extension>
</addon>

